Honorable,Sella,Corfield,1-(330)339-5528,51-(428)538-5353,33-(389)622-1536,86-(459)757-7625,scorfield0@lulu.com
Dr,Lorrin,Grutchfield,1-(330)339-5528,63-(500)833-1134,33-(387)900-7154,260-(998)248-7454,lgrutchfield1@facebook.com
Ms,Emelia,MacSharry,1-(330)339-5528,66-(234)997-7772,62-(952)949-9720,7-(783)201-4688,emacsharry2@pagesperso-orange.fr
Ms,Chere,Devote,1-(330)339-5528,86-(685)545-2811,48-(482)748-5952,43-(909)495-2158,cdevote3@cargocollective.com
Rev,Elmer,Kuhnhardt,1-(330)339-5528,420-(633)892-0906,86-(204)557-8491,420-(178)187-9989,ekuhnhardt4@foxnews.com
Mrs,Dyan,Byneth,1-(330)339-5528,420-(854)153-5050,994-(625)584-0801,62-(633)877-6586,dbyneth5@admin.ch
Dr,Berte,Jesty,1-(330)339-5528,63-(614)975-7025,63-(822)597-3839,62-(381)633-8980,bjesty6@oracle.com
Honorable,Dalton,Verna,1-(330)339-5528,81-(769)168-7525,63-(545)226-0850,62-(635)267-3485,dverna7@whitehouse.gov
Ms,Estrellita,Gotliffe,1-(330)339-5528,62-(434)753-9128,356-(450)898-7421,86-(816)760-6000,egotliffe8@blogger.com
Ms,Bastien,Robbings,1-(330)339-5528,7-(371)172-9258,7-(115)746-4740,1-(812)995-0265,brobbings9@canalblog.com
TITLE, FIRSTNAME, SURNAME, HOMENUM, WORKNUM, MOBILENUM1, MOBILENUM2, EMAIL
